Felix Schindler <f_albr01@4028485c-44d9-4cde-a312-5a4635ee2db9>
Felix Schindler <felix.albrecht@4028485c-44d9-4cde-a312-5a4635ee2db9>
Felix Schindler <felix.schindler@wwu.de> Felix Albrecht <felix.albrecht@mail.uni-muenster.de>
Felix Schindler <felix.schindler@wwu.de> Felix Albrecht <felix.albrecht@math.uni-muenster.de>
Felix Schindler <felix.schindler@wwu.de> Felix Albrecht <felix.albrecht@uni-muenster.de>
Felix Schindler <felix.schindler@wwu.de> Felix Albrecht <felix@almob.(none)>
Felix Schindler <felix.schindler@wwu.de> Felix Albrecht <felix@server.(none)>
Felix Schindler <felix.schindler@wwu.de> Felix Albrecht <mail@felixalbrecht.de>
Felix Schindler <felix.schindler@wwu.de> Felix Schindler <felix@schindlerfamily.de>
Felix Schindler <felix.schindler@wwu.de> Felix Schindler <ftalbrecht@users.noreply.github.com>
Felix Schindler <felix.schindler@wwu.de> Felix Schindler <noreply@github.com>
Felix Schindler <felix.schindler@wwu.de> Felix Schindler <rene.milk@wwu.de>
Felix Schindler <felix.schindler@wwu.de> Felix Tobias Albrecht <falbr_01@BARNEY.(none)>
Felix Schindler <felix.schindler@wwu.de> Felix Tobias Albrecht <f_albr01@BARNEY.uni-muenster.de>
Felix Schindler <felix.schindler@wwu.de> Felix Tobias Albrecht <f_albr01@SCORPION.uni-muenster.de>
Felix Schindler <felix.schindler@wwu.de> Mario Ohlberger <duneadm@BARNEY.(none)>
Felix Schindler <felix.schindler@wwu.de> Mario Ohlberger <duneadm@JAX.uni-muenster.de>
Kirsten Weber <kirsten@kirsten>
Kirsten Weber <k_webe11@wwu.de> Kirsten <kirsten@kirsten>
Kirsten Weber <k_webe11@wwu.de> Kirsten Weber <k_webe11@LOCKHEED.uni-muenster.de>
Kirsten Weber <k_webe11@wwu.de> Kirsten Weber <k_webe11@pingpong.(none)>
Kirsten Weber <k_webe11@wwu.de> Kirsten Weber <k_webe11@wwu.de>
Martin Drohmann <m_droh01@4028485c-44d9-4cde-a312-5a4635ee2db9>
Martin Nolte <nolte@4028485c-44d9-4cde-a312-5a4635ee2db9>
René Fritze <rene.fritze@wwu.de> Mario Ohlberger <duneadm@DUNE-PROJECT.(none)>
René Fritze <rene.fritze@wwu.de> Mario Ohlberger <duneadm@SCORPION.uni-muenster.de>
René Fritze <rene.fritze@wwu.de> Mario Ohlberger <duneadm@zivsmp001.cvos.cluster>
René Fritze <rene.fritze@wwu.de> Rene Milk <kosh@cpt-awesome.(none)>
René Fritze <rene.fritze@wwu.de> Rene Milk <koshi@springlobby.info>
René Fritze <rene.fritze@wwu.de> Rene Milk <kosh@koshmob.(none)>
René Fritze <rene.fritze@wwu.de> René Milk <noreply@github.com>
René Fritze <rene.fritze@wwu.de> Rene Milk <rene.milk@uni-muenster.de>
René Fritze <rene.fritze@wwu.de> Rene Milk <renemilk@users.noreply.github.com>
René Fritze <rene.fritze@wwu.de> Rene Milk <rene.milk@wwu.de>
René Fritze <rene.fritze@wwu.de> René Milk <rene.milk@wwu.de>
René Fritze <rene.fritze@wwu.de> Rene Milk <r_milk01@BARNEY.uni-muenster.de>
René Fritze <rene.fritze@wwu.de> Rene Milk <r_milk01@DUNE-PROJECT.(none)>
René Fritze <rene.fritze@wwu.de> Rene Milk <r_milk01@DUNE-PROJECT.uni-muenster.de>
René Fritze <rene.fritze@wwu.de> Rene Milk <r_milk01@JAX.uni-muenster.de>
René Fritze <rene.fritze@wwu.de> Rene Milk <r_milk01@LOCKHEED.uni-muenster.de>
René Fritze <rene.fritze@wwu.de> Rene Milk <r_milk01@SCORPION.uni-muenster.de>
René Fritze <rene.fritze@wwu.de> Rene Milk <r_milk01@stinson.(none)>
Stefan Girke <stefan.girke@gmx.de> Stefan Girke <s_girk01@pris.(none)>
Stefan Girke <stefan.girke@gmx.de> Stefan <stefan@stefan.(none)>
Tim Keil <keil.menden@web.de> TiKeil <keil.menden@web.de>
Tim Keil <tim.keil@wwu.de> TiKeil <keil.menden@web.de>
Tim Keil <tim.keil@wwu.de> Tim Keil <tim.keil@wwu.de>
Tobias Leibner <tobias.leibner@uni-muenster.de> tobiasleibner <tobias.leibner@googlemail.com>
Tobias Leibner <tobias.leibner@uni-muenster.de> Tobias Leibner <tobias.leibner@googlemail.com>
